trial_type,trial_index,plugin_version,time_elapsed,sona_id,phase,success,rt,view_history,timeout,failed_images,failed_audio,failed_video,stimulus,response,component_id,block,contingency,intact_first,pair_type,slider_start,question_order
pavlovia,0,,2258,39527,,,,,,,,,,,,,,,,,
fullscreen,1,2.1.0,7443,39527,fullscreen_agreement,True,4168.0,,,,,,,,,,,,,,
instructions,2,2.1.0,57243,39527,informed_consent,,49798.0,"[{""page_index"":0,""viewing_time"":3054},{""page_index"":1,""viewing_time"":9350},{""page_index"":2,""viewing_time"":4292},{""page_index"":3,""viewing_time"":4838},{""page_index"":4,""viewing_time"":3544},{""page_index"":5,""viewing_time"":5667},{""page_index"":6,""viewing_time"":10853},{""page_index"":7,""viewing_time"":3054},{""page_index"":8,""viewing_time"":5146}]",,,,,,,,,,,,,
instructions,3,2.1.0,87329,39527,intro_instructions,,30084.0,"[{""page_index"":0,""viewing_time"":2971},{""page_index"":1,""viewing_time"":27113}]",,,,,,,,,,,,,
preload,4,2.1.0,102190,39527,audio_preload,True,,,False,[],[],[],,,,,,,,,
audio-button-response,5,2.1.0,113409,39527,volume_adjust,,10600.0,,,,,,"[""audio/melody21_Kalimba_loud.mp3""]",1,,,,,,,
html-keyboard-response,6,2.1.0,115418,39527,intermediate_slide_exposure,,,,,,,,"<p style=""font-size:4vw"">LISTENING TASK</p>",,,,,,,,
instructions,7,2.1.0,123910,39527,exposure_instructions,,8490.0,"[{""page_index"":0,""viewing_time"":8490}]",,,,,,,,,,,,,
audio-keyboard-response,8,2.1.0,128907,39527,exposure_stream_trial,,,,,,,,audio/melody14_Kalimba_loud.mp3,,4.0,0.0,,,,,
audio-keyboard-response,9,2.1.0,133907,39527,exposure_stream_trial,,,,,,,,audio/melody09_Kalimba_loud.mp3,,5.0,0.0,,,,,
audio-keyboard-response,10,2.1.0,138907,39527,exposure_stream_trial,,,,,,,,audio/melody05_Kalimba_loud.mp3,,10.0,0.0,,,,,
audio-keyboard-response,11,2.1.0,143907,39527,exposure_stream_trial,,,,,,,,audio/melody15_Kalimba_loud.mp3,,11.0,0.0,,,,,
audio-keyboard-response,12,2.1.0,148907,39527,exposure_stream_trial,,,,,,,,audio/melody13_Kalimba_loud.mp3,,2.0,0.0,,,,,
audio-keyboard-response,13,2.1.0,153907,39527,exposure_stream_trial,,,,,,,,audio/melody10_Kalimba_loud.mp3,,3.0,0.0,,,,,
audio-keyboard-response,14,2.1.0,158907,39527,exposure_stream_trial,,,,,,,,audio/melody07_Kalimba_loud.mp3,,6.0,0.0,,,,,
audio-keyboard-response,15,2.1.0,163907,39527,exposure_stream_trial,,,,,,,,audio/melody11_Kalimba_loud.mp3,,7.0,0.0,,,,,
audio-keyboard-response,16,2.1.0,168907,39527,exposure_stream_trial,,,,,,,,audio/melody14_Kalimba_loud.mp3,,4.0,0.0,,,,,
audio-keyboard-response,17,2.1.0,173907,39527,exposure_stream_trial,,,,,,,,audio/melody11_Kalimba_loud.mp3,,7.0,0.0,,,,,
audio-keyboard-response,18,2.1.0,178907,39527,exposure_stream_trial,,,,,,,,audio/melody19_Kalimba_loud.mp3,,0.0,0.0,,,,,
audio-keyboard-response,19,2.1.0,183907,39527,exposure_stream_trial,,,,,,,,audio/melody08_Kalimba_loud.mp3,,1.0,0.0,,,,,
audio-keyboard-response,20,2.1.0,188906,39527,exposure_stream_trial,,,,,,,,audio/melody02_Kalimba_loud.mp3,,8.0,0.0,,,,,
audio-keyboard-response,21,2.1.0,193906,39527,exposure_stream_trial,,,,,,,,audio/melody04_Kalimba_loud.mp3,,9.0,0.0,,,,,
audio-keyboard-response,22,2.1.0,198906,39527,exposure_stream_trial,,,,,,,,audio/melody02_Kalimba_loud.mp3,,8.0,0.0,,,,,
audio-keyboard-response,23,2.1.0,203907,39527,exposure_stream_trial,,,,,,,,audio/melody15_Kalimba_loud.mp3,,11.0,0.0,,,,,
audio-keyboard-response,24,2.1.0,208907,39527,exposure_stream_trial,,,,,,,,audio/melody14_Kalimba_loud.mp3,,4.0,0.0,,,,,
audio-keyboard-response,25,2.1.0,213906,39527,exposure_stream_trial,,,,,,,,audio/melody09_Kalimba_loud.mp3,,5.0,0.0,,,,,
audio-keyboard-response,26,2.1.0,218906,39527,exposure_stream_trial,,,,,,,,audio/melody19_Kalimba_loud.mp3,,0.0,0.0,,,,,
audio-keyboard-response,27,2.1.0,223906,39527,exposure_stream_trial,,,,,,,,audio/melody08_Kalimba_loud.mp3,,1.0,0.0,,,,,
audio-keyboard-response,28,2.1.0,228906,39527,exposure_stream_trial,,,,,,,,audio/melody13_Kalimba_loud.mp3,,2.0,0.0,,,,,
audio-keyboard-response,29,2.1.0,233906,39527,exposure_stream_trial,,,,,,,,audio/melody10_Kalimba_loud.mp3,,3.0,0.0,,,,,
audio-keyboard-response,30,2.1.0,238906,39527,exposure_stream_trial,,,,,,,,audio/melody07_Kalimba_loud.mp3,,6.0,0.0,,,,,
audio-keyboard-response,31,2.1.0,243907,39527,exposure_stream_trial,,,,,,,,audio/melody09_Kalimba_loud.mp3,,5.0,0.0,,,,,
audio-keyboard-response,32,2.1.0,248906,39527,exposure_stream_trial,,,,,,,,audio/melody02_Kalimba_loud.mp3,,8.0,0.0,,,,,
audio-keyboard-response,33,2.1.0,253906,39527,exposure_stream_trial,,,,,,,,audio/melody04_Kalimba_loud.mp3,,9.0,0.0,,,,,
audio-keyboard-response,34,2.1.0,258906,39527,exposure_stream_trial,,,,,,,,audio/melody07_Kalimba_loud.mp3,,6.0,0.0,,,,,
audio-keyboard-response,35,2.1.0,263907,39527,exposure_stream_trial,,,,,,,,audio/melody11_Kalimba_loud.mp3,,7.0,0.0,,,,,
audio-keyboard-response,36,2.1.0,268906,39527,exposure_stream_trial,,,,,,,,audio/melody14_Kalimba_loud.mp3,,4.0,0.0,,,,,
audio-keyboard-response,37,2.1.0,273907,39527,exposure_stream_trial,,,,,,,,audio/melody09_Kalimba_loud.mp3,,5.0,0.0,,,,,
audio-keyboard-response,38,2.1.0,278906,39527,exposure_stream_trial,,,,,,,,audio/melody13_Kalimba_loud.mp3,,2.0,0.0,,,,,
audio-keyboard-response,39,2.1.0,283905,39527,exposure_stream_trial,,,,,,,,audio/melody10_Kalimba_loud.mp3,,3.0,0.0,,,,,
audio-keyboard-response,40,2.1.0,288907,39527,exposure_stream_trial,,,,,,,,audio/melody13_Kalimba_loud.mp3,,2.0,0.0,,,,,
audio-keyboard-response,41,2.1.0,293906,39527,exposure_stream_trial,,,,,,,,audio/melody10_Kalimba_loud.mp3,,3.0,0.0,,,,,
audio-keyboard-response,42,2.1.0,298907,39527,exposure_stream_trial,,,,,,,,audio/melody02_Kalimba_loud.mp3,,8.0,0.0,,,,,
audio-keyboard-response,43,2.1.0,303906,39527,exposure_stream_trial,,,,,,,,audio/melody15_Kalimba_loud.mp3,,11.0,0.0,,,,,
audio-keyboard-response,44,2.1.0,308906,39527,exposure_stream_trial,,,,,,,,audio/melody05_Kalimba_loud.mp3,,10.0,0.0,,,,,
audio-keyboard-response,45,2.1.0,313906,39527,exposure_stream_trial,,,,,,,,audio/melody04_Kalimba_loud.mp3,,9.0,0.0,,,,,
audio-keyboard-response,46,2.1.0,318906,39527,exposure_stream_trial,,,,,,,,audio/melody05_Kalimba_loud.mp3,,10.0,0.0,,,,,
audio-keyboard-response,47,2.1.0,323906,39527,exposure_stream_trial,,,,,,,,audio/melody15_Kalimba_loud.mp3,,11.0,0.0,,,,,
audio-keyboard-response,48,2.1.0,328906,39527,exposure_stream_trial,,,,,,,,audio/melody07_Kalimba_loud.mp3,,6.0,0.0,,,,,
audio-keyboard-response,49,2.1.0,333907,39527,exposure_stream_trial,,,,,,,,audio/melody11_Kalimba_loud.mp3,,7.0,0.0,,,,,
audio-keyboard-response,50,2.1.0,338907,39527,exposure_stream_trial,,,,,,,,audio/melody19_Kalimba_loud.mp3,,0.0,0.0,,,,,
audio-keyboard-response,51,2.1.0,343907,39527,exposure_stream_trial,,,,,,,,audio/melody08_Kalimba_loud.mp3,,1.0,0.0,,,,,
audio-keyboard-response,52,2.1.0,348907,39527,exposure_stream_trial,,,,,,,,audio/melody05_Kalimba_loud.mp3,,10.0,0.0,,,,,
audio-keyboard-response,53,2.1.0,353906,39527,exposure_stream_trial,,,,,,,,audio/melody04_Kalimba_loud.mp3,,9.0,0.0,,,,,
audio-keyboard-response,54,2.1.0,358906,39527,exposure_stream_trial,,,,,,,,audio/melody19_Kalimba_loud.mp3,,0.0,0.0,,,,,
audio-keyboard-response,55,2.1.0,363906,39527,exposure_stream_trial,,,,,,,,audio/melody08_Kalimba_loud.mp3,,1.0,0.0,,,,,
instructions,56,2.1.0,372347,39527,test_instructions,,8439.0,"[{""page_index"":0,""viewing_time"":8439}]",,,,,,,,,,,,,
preload,57,2.1.0,372349,39527,audio_preload,True,,,False,[],[],[],,,,,,,,,
audio-keyboard-response,58,2.1.0,377346,39527,memory_trial_pair_1,,,,,,,,audio/melody02_Kalimba_loud.mp3,,8.0,1.0,50.0,False,rearranged,,
audio-keyboard-response,59,2.1.0,382346,39527,memory_trial_pair_1,,,,,,,,audio/melody15_Kalimba_loud.mp3,,11.0,1.0,50.0,False,rearranged,,
audio-keyboard-response,60,2.1.0,387856,39527,memory_trial_pair_2,,,,,,,,audio/melody02_Kalimba_loud.mp3,,8.0,1.0,50.0,False,intact,,
audio-slider-response,61,2.1.0,457557,39527,memory_trial_pair_2,,69701.0,,,,,,audio/melody04_Kalimba_loud.mp3,72,9.0,1.0,50.0,False,intact,50.0,
audio-keyboard-response,62,2.1.0,463579,39527,memory_trial_pair_1,,,,,,,,audio/melody19_Kalimba_loud.mp3,,0.0,1.0,100.0,False,rearranged,,
audio-keyboard-response,63,2.1.0,468578,39527,memory_trial_pair_1,,,,,,,,audio/melody10_Kalimba_loud.mp3,,3.0,1.0,100.0,False,rearranged,,
audio-keyboard-response,64,2.1.0,474088,39527,memory_trial_pair_2,,,,,,,,audio/melody19_Kalimba_loud.mp3,,0.0,1.0,100.0,False,intact,,
audio-slider-response,65,2.1.0,483842,39527,memory_trial_pair_2,,9749.0,,,,,,audio/melody08_Kalimba_loud.mp3,76,1.0,1.0,100.0,False,intact,50.0,
audio-keyboard-response,66,2.1.0,489349,39527,memory_trial_pair_1,,,,,,,,audio/melody07_Kalimba_loud.mp3,,6.0,1.0,75.0,True,intact,,
audio-keyboard-response,67,2.1.0,494349,39527,memory_trial_pair_1,,,,,,,,audio/melody11_Kalimba_loud.mp3,,7.0,1.0,75.0,True,intact,,
audio-keyboard-response,68,2.1.0,499848,39527,memory_trial_pair_2,,,,,,,,audio/melody07_Kalimba_loud.mp3,,6.0,1.0,75.0,True,rearranged,,
audio-slider-response,69,2.1.0,508094,39527,memory_trial_pair_2,,8240.0,,,,,,audio/melody09_Kalimba_loud.mp3,32,5.0,1.0,75.0,True,rearranged,50.0,
audio-keyboard-response,70,2.1.0,513598,39527,memory_trial_pair_1,,,,,,,,audio/melody13_Kalimba_loud.mp3,,2.0,1.0,100.0,False,rearranged,,
audio-keyboard-response,71,2.1.0,518598,39527,memory_trial_pair_1,,,,,,,,audio/melody08_Kalimba_loud.mp3,,1.0,1.0,100.0,False,rearranged,,
audio-keyboard-response,72,2.1.0,524098,39527,memory_trial_pair_2,,,,,,,,audio/melody13_Kalimba_loud.mp3,,2.0,1.0,100.0,False,intact,,
audio-slider-response,73,2.1.0,534149,39527,memory_trial_pair_2,,10051.0,,,,,,audio/melody10_Kalimba_loud.mp3,29,3.0,1.0,100.0,False,intact,50.0,
audio-keyboard-response,74,2.1.0,539648,39527,memory_trial_pair_1,,,,,,,,audio/melody05_Kalimba_loud.mp3,,10.0,1.0,50.0,False,rearranged,,
audio-keyboard-response,75,2.1.0,544648,39527,memory_trial_pair_1,,,,,,,,audio/melody04_Kalimba_loud.mp3,,9.0,1.0,50.0,False,rearranged,,
audio-keyboard-response,76,2.1.0,550158,39527,memory_trial_pair_2,,,,,,,,audio/melody05_Kalimba_loud.mp3,,10.0,1.0,50.0,False,intact,,
audio-slider-response,77,2.1.0,574187,39527,memory_trial_pair_2,,24021.0,,,,,,audio/melody15_Kalimba_loud.mp3,31,11.0,1.0,50.0,False,intact,50.0,
audio-keyboard-response,78,2.1.0,579688,39527,memory_trial_pair_1,,,,,,,,audio/melody14_Kalimba_loud.mp3,,4.0,1.0,75.0,False,rearranged,,
audio-keyboard-response,79,2.1.0,584688,39527,memory_trial_pair_1,,,,,,,,audio/melody11_Kalimba_loud.mp3,,7.0,1.0,75.0,False,rearranged,,
audio-keyboard-response,80,2.1.0,590188,39527,memory_trial_pair_2,,,,,,,,audio/melody14_Kalimba_loud.mp3,,4.0,1.0,75.0,False,intact,,
audio-slider-response,81,2.1.0,601473,39527,memory_trial_pair_2,,11280.0,,,,,,audio/melody09_Kalimba_loud.mp3,11,5.0,1.0,75.0,False,intact,50.0,
html-keyboard-response,82,2.1.0,609992,39527,intermediate_listening_test_slide,,,,,,,,"<p style=""font-size:1.5vw"">Thanks for listening and answering questions about what you have heard so far. You are about to hear more pairs and decide which you hear more often.</p>",,,,,,,,
audio-keyboard-response,83,2.1.0,614988,39527,exposure_stream_trial,,,,,,,,audio/melody19_Kalimba_loud.mp3,,0.0,1.0,,,,,
audio-keyboard-response,84,2.1.0,619988,39527,exposure_stream_trial,,,,,,,,audio/melody08_Kalimba_loud.mp3,,1.0,1.0,,,,,
audio-keyboard-response,85,2.1.0,624988,39527,exposure_stream_trial,,,,,,,,audio/melody13_Kalimba_loud.mp3,,2.0,1.0,,,,,
audio-keyboard-response,86,2.1.0,629988,39527,exposure_stream_trial,,,,,,,,audio/melody10_Kalimba_loud.mp3,,3.0,1.0,,,,,
audio-keyboard-response,87,2.1.0,634988,39527,exposure_stream_trial,,,,,,,,audio/melody14_Kalimba_loud.mp3,,4.0,1.0,,,,,
audio-keyboard-response,88,2.1.0,639988,39527,exposure_stream_trial,,,,,,,,audio/melody11_Kalimba_loud.mp3,,7.0,1.0,,,,,
audio-keyboard-response,89,2.1.0,644987,39527,exposure_stream_trial,,,,,,,,audio/melody05_Kalimba_loud.mp3,,10.0,1.0,,,,,
audio-keyboard-response,90,2.1.0,649988,39527,exposure_stream_trial,,,,,,,,audio/melody15_Kalimba_loud.mp3,,11.0,1.0,,,,,
audio-keyboard-response,91,2.1.0,654988,39527,exposure_stream_trial,,,,,,,,audio/melody14_Kalimba_loud.mp3,,4.0,1.0,,,,,
audio-keyboard-response,92,2.1.0,659988,39527,exposure_stream_trial,,,,,,,,audio/melody09_Kalimba_loud.mp3,,5.0,1.0,,,,,
audio-keyboard-response,93,2.1.0,664988,39527,exposure_stream_trial,,,,,,,,audio/melody14_Kalimba_loud.mp3,,4.0,1.0,,,,,
audio-keyboard-response,94,2.1.0,669988,39527,exposure_stream_trial,,,,,,,,audio/melody09_Kalimba_loud.mp3,,5.0,1.0,,,,,
audio-keyboard-response,95,2.1.0,674988,39527,exposure_stream_trial,,,,,,,,audio/melody02_Kalimba_loud.mp3,,8.0,1.0,,,,,
audio-keyboard-response,96,2.1.0,679988,39527,exposure_stream_trial,,,,,,,,audio/melody04_Kalimba_loud.mp3,,9.0,1.0,,,,,
audio-keyboard-response,97,2.1.0,684987,39527,exposure_stream_trial,,,,,,,,audio/melody02_Kalimba_loud.mp3,,8.0,1.0,,,,,
audio-keyboard-response,98,2.1.0,689988,39527,exposure_stream_trial,,,,,,,,audio/melody15_Kalimba_loud.mp3,,11.0,1.0,,,,,
audio-keyboard-response,99,2.1.0,694988,39527,exposure_stream_trial,,,,,,,,audio/melody02_Kalimba_loud.mp3,,8.0,1.0,,,,,
audio-keyboard-response,100,2.1.0,699988,39527,exposure_stream_trial,,,,,,,,audio/melody04_Kalimba_loud.mp3,,9.0,1.0,,,,,
audio-keyboard-response,101,2.1.0,704988,39527,exposure_stream_trial,,,,,,,,audio/melody07_Kalimba_loud.mp3,,6.0,1.0,,,,,
audio-keyboard-response,102,2.1.0,709988,39527,exposure_stream_trial,,,,,,,,audio/melody11_Kalimba_loud.mp3,,7.0,1.0,,,,,
audio-keyboard-response,103,2.1.0,714988,39527,exposure_stream_trial,,,,,,,,audio/melody19_Kalimba_loud.mp3,,0.0,1.0,,,,,
audio-keyboard-response,104,2.1.0,719988,39527,exposure_stream_trial,,,,,,,,audio/melody08_Kalimba_loud.mp3,,1.0,1.0,,,,,
audio-keyboard-response,105,2.1.0,724988,39527,exposure_stream_trial,,,,,,,,audio/melody02_Kalimba_loud.mp3,,8.0,1.0,,,,,
audio-keyboard-response,106,2.1.0,729987,39527,exposure_stream_trial,,,,,,,,audio/melody15_Kalimba_loud.mp3,,11.0,1.0,,,,,
audio-keyboard-response,107,2.1.0,734987,39527,exposure_stream_trial,,,,,,,,audio/melody14_Kalimba_loud.mp3,,4.0,1.0,,,,,
audio-keyboard-response,108,2.1.0,739987,39527,exposure_stream_trial,,,,,,,,audio/melody09_Kalimba_loud.mp3,,5.0,1.0,,,,,
audio-keyboard-response,109,2.1.0,744988,39527,exposure_stream_trial,,,,,,,,audio/melody05_Kalimba_loud.mp3,,10.0,1.0,,,,,
audio-keyboard-response,110,2.1.0,749988,39527,exposure_stream_trial,,,,,,,,audio/melody04_Kalimba_loud.mp3,,9.0,1.0,,,,,
audio-keyboard-response,111,2.1.0,754987,39527,exposure_stream_trial,,,,,,,,audio/melody05_Kalimba_loud.mp3,,10.0,1.0,,,,,
audio-keyboard-response,112,2.1.0,759987,39527,exposure_stream_trial,,,,,,,,audio/melody15_Kalimba_loud.mp3,,11.0,1.0,,,,,
audio-keyboard-response,113,2.1.0,764988,39527,exposure_stream_trial,,,,,,,,audio/melody07_Kalimba_loud.mp3,,6.0,1.0,,,,,
audio-keyboard-response,114,2.1.0,769987,39527,exposure_stream_trial,,,,,,,,audio/melody11_Kalimba_loud.mp3,,7.0,1.0,,,,,
audio-keyboard-response,115,2.1.0,774987,39527,exposure_stream_trial,,,,,,,,audio/melody13_Kalimba_loud.mp3,,2.0,1.0,,,,,
audio-keyboard-response,116,2.1.0,779988,39527,exposure_stream_trial,,,,,,,,audio/melody10_Kalimba_loud.mp3,,3.0,1.0,,,,,
audio-keyboard-response,117,2.1.0,784988,39527,exposure_stream_trial,,,,,,,,audio/melody13_Kalimba_loud.mp3,,2.0,1.0,,,,,
audio-keyboard-response,118,2.1.0,789988,39527,exposure_stream_trial,,,,,,,,audio/melody10_Kalimba_loud.mp3,,3.0,1.0,,,,,
audio-keyboard-response,119,2.1.0,794988,39527,exposure_stream_trial,,,,,,,,audio/melody07_Kalimba_loud.mp3,,6.0,1.0,,,,,
audio-keyboard-response,120,2.1.0,799987,39527,exposure_stream_trial,,,,,,,,audio/melody09_Kalimba_loud.mp3,,5.0,1.0,,,,,
audio-keyboard-response,121,2.1.0,804988,39527,exposure_stream_trial,,,,,,,,audio/melody19_Kalimba_loud.mp3,,0.0,1.0,,,,,
audio-keyboard-response,122,2.1.0,809988,39527,exposure_stream_trial,,,,,,,,audio/melody08_Kalimba_loud.mp3,,1.0,1.0,,,,,
audio-keyboard-response,123,2.1.0,814987,39527,exposure_stream_trial,,,,,,,,audio/melody13_Kalimba_loud.mp3,,2.0,1.0,,,,,
audio-keyboard-response,124,2.1.0,819988,39527,exposure_stream_trial,,,,,,,,audio/melody10_Kalimba_loud.mp3,,3.0,1.0,,,,,
audio-keyboard-response,125,2.1.0,824988,39527,exposure_stream_trial,,,,,,,,audio/melody07_Kalimba_loud.mp3,,6.0,1.0,,,,,
audio-keyboard-response,126,2.1.0,829988,39527,exposure_stream_trial,,,,,,,,audio/melody11_Kalimba_loud.mp3,,7.0,1.0,,,,,
audio-keyboard-response,127,2.1.0,834987,39527,exposure_stream_trial,,,,,,,,audio/melody19_Kalimba_loud.mp3,,0.0,1.0,,,,,
audio-keyboard-response,128,2.1.0,839987,39527,exposure_stream_trial,,,,,,,,audio/melody08_Kalimba_loud.mp3,,1.0,1.0,,,,,
audio-keyboard-response,129,2.1.0,844987,39527,exposure_stream_trial,,,,,,,,audio/melody05_Kalimba_loud.mp3,,10.0,1.0,,,,,
audio-keyboard-response,130,2.1.0,849987,39527,exposure_stream_trial,,,,,,,,audio/melody04_Kalimba_loud.mp3,,9.0,1.0,,,,,
instructions,131,2.1.0,858782,39527,test_instructions,,8788.0,"[{""page_index"":0,""viewing_time"":8788}]",,,,,,,,,,,,,
preload,132,2.1.0,858784,39527,audio_preload,True,,,False,[],[],[],,,,,,,,,
audio-keyboard-response,133,2.1.0,863779,39527,memory_trial_pair_1,,,,,,,,audio/melody05_Kalimba_loud.mp3,,10.0,2.0,50.0,False,rearranged,,
audio-keyboard-response,134,2.1.0,868777,39527,memory_trial_pair_1,,,,,,,,audio/melody04_Kalimba_loud.mp3,,9.0,2.0,50.0,False,rearranged,,
audio-keyboard-response,135,2.1.0,874277,39527,memory_trial_pair_2,,,,,,,,audio/melody05_Kalimba_loud.mp3,,10.0,2.0,50.0,False,intact,,
audio-slider-response,136,2.1.0,883242,39527,memory_trial_pair_2,,8960.0,,,,,,audio/melody15_Kalimba_loud.mp3,62,11.0,2.0,50.0,False,intact,50.0,
audio-keyboard-response,137,2.1.0,888745,39527,memory_trial_pair_1,,,,,,,,audio/melody19_Kalimba_loud.mp3,,0.0,2.0,100.0,True,intact,,
audio-keyboard-response,138,2.1.0,893747,39527,memory_trial_pair_1,,,,,,,,audio/melody08_Kalimba_loud.mp3,,1.0,2.0,100.0,True,intact,,
audio-keyboard-response,139,2.1.0,899257,39527,memory_trial_pair_2,,,,,,,,audio/melody19_Kalimba_loud.mp3,,0.0,2.0,100.0,True,rearranged,,
audio-slider-response,140,2.1.0,910640,39527,memory_trial_pair_2,,11379.0,,,,,,audio/melody10_Kalimba_loud.mp3,0,3.0,2.0,100.0,True,rearranged,50.0,
audio-keyboard-response,141,2.1.0,916147,39527,memory_trial_pair_1,,,,,,,,audio/melody02_Kalimba_loud.mp3,,8.0,2.0,50.0,True,intact,,
audio-keyboard-response,142,2.1.0,921147,39527,memory_trial_pair_1,,,,,,,,audio/melody04_Kalimba_loud.mp3,,9.0,2.0,50.0,True,intact,,
audio-keyboard-response,143,2.1.0,926657,39527,memory_trial_pair_2,,,,,,,,audio/melody02_Kalimba_loud.mp3,,8.0,2.0,50.0,True,rearranged,,
audio-slider-response,144,2.1.0,937569,39527,memory_trial_pair_2,,10909.0,,,,,,audio/melody15_Kalimba_loud.mp3,87,11.0,2.0,50.0,True,rearranged,50.0,
audio-keyboard-response,145,2.1.0,943077,39527,memory_trial_pair_1,,,,,,,,audio/melody14_Kalimba_loud.mp3,,4.0,2.0,75.0,True,intact,,
audio-keyboard-response,146,2.1.0,948077,39527,memory_trial_pair_1,,,,,,,,audio/melody09_Kalimba_loud.mp3,,5.0,2.0,75.0,True,intact,,
audio-keyboard-response,147,2.1.0,953577,39527,memory_trial_pair_2,,,,,,,,audio/melody14_Kalimba_loud.mp3,,4.0,2.0,75.0,True,rearranged,,
audio-slider-response,148,2.1.0,963065,39527,memory_trial_pair_2,,9480.0,,,,,,audio/melody11_Kalimba_loud.mp3,50,7.0,2.0,75.0,True,rearranged,50.0,
audio-keyboard-response,149,2.1.0,968577,39527,memory_trial_pair_1,,,,,,,,audio/melody13_Kalimba_loud.mp3,,2.0,2.0,100.0,True,intact,,
audio-keyboard-response,150,2.1.0,973577,39527,memory_trial_pair_1,,,,,,,,audio/melody10_Kalimba_loud.mp3,,3.0,2.0,100.0,True,intact,,
audio-keyboard-response,151,2.1.0,979087,39527,memory_trial_pair_2,,,,,,,,audio/melody13_Kalimba_loud.mp3,,2.0,2.0,100.0,True,rearranged,,
audio-slider-response,152,2.1.0,993509,39527,memory_trial_pair_2,,14421.0,,,,,,audio/melody08_Kalimba_loud.mp3,0,1.0,2.0,100.0,True,rearranged,50.0,
audio-keyboard-response,153,2.1.0,999005,39527,memory_trial_pair_1,,,,,,,,audio/melody07_Kalimba_loud.mp3,,6.0,2.0,75.0,False,rearranged,,
audio-keyboard-response,154,2.1.0,1004006,39527,memory_trial_pair_1,,,,,,,,audio/melody09_Kalimba_loud.mp3,,5.0,2.0,75.0,False,rearranged,,
audio-keyboard-response,155,2.1.0,1009517,39527,memory_trial_pair_2,,,,,,,,audio/melody07_Kalimba_loud.mp3,,6.0,2.0,75.0,False,intact,,
audio-slider-response,156,2.1.0,1022886,39527,memory_trial_pair_2,,13360.0,,,,,,audio/melody11_Kalimba_loud.mp3,0,7.0,2.0,75.0,False,intact,50.0,
html-keyboard-response,157,2.1.0,1031417,39527,intermediate_listening_test_slide,,,,,,,,"<p style=""font-size:1.5vw"">Thanks for listening and answering questions about what you have heard so far. You are about to hear more pairs and decide which you hear more often.</p>",,,,,,,,
audio-keyboard-response,158,2.1.0,1036417,39527,exposure_stream_trial,,,,,,,,audio/melody07_Kalimba_loud.mp3,,6.0,2.0,,,,,
audio-keyboard-response,159,2.1.0,1041417,39527,exposure_stream_trial,,,,,,,,audio/melody11_Kalimba_loud.mp3,,7.0,2.0,,,,,
audio-keyboard-response,160,2.1.0,1046417,39527,exposure_stream_trial,,,,,,,,audio/melody13_Kalimba_loud.mp3,,2.0,2.0,,,,,
audio-keyboard-response,161,2.1.0,1051416,39527,exposure_stream_trial,,,,,,,,audio/melody10_Kalimba_loud.mp3,,3.0,2.0,,,,,
audio-keyboard-response,162,2.1.0,1056417,39527,exposure_stream_trial,,,,,,,,audio/melody02_Kalimba_loud.mp3,,8.0,2.0,,,,,
audio-keyboard-response,163,2.1.0,1061417,39527,exposure_stream_trial,,,,,,,,audio/melody15_Kalimba_loud.mp3,,11.0,2.0,,,,,
audio-keyboard-response,164,2.1.0,1066416,39527,exposure_stream_trial,,,,,,,,audio/melody14_Kalimba_loud.mp3,,4.0,2.0,,,,,
audio-keyboard-response,165,2.1.0,1071416,39527,exposure_stream_trial,,,,,,,,audio/melody09_Kalimba_loud.mp3,,5.0,2.0,,,,,
audio-keyboard-response,166,2.1.0,1076417,39527,exposure_stream_trial,,,,,,,,audio/melody19_Kalimba_loud.mp3,,0.0,2.0,,,,,
audio-keyboard-response,167,2.1.0,1081417,39527,exposure_stream_trial,,,,,,,,audio/melody08_Kalimba_loud.mp3,,1.0,2.0,,,,,
audio-keyboard-response,168,2.1.0,1086417,39527,exposure_stream_trial,,,,,,,,audio/melody19_Kalimba_loud.mp3,,0.0,2.0,,,,,
audio-keyboard-response,169,2.1.0,1091417,39527,exposure_stream_trial,,,,,,,,audio/melody08_Kalimba_loud.mp3,,1.0,2.0,,,,,
audio-keyboard-response,170,2.1.0,1096417,39527,exposure_stream_trial,,,,,,,,audio/melody07_Kalimba_loud.mp3,,6.0,2.0,,,,,
audio-keyboard-response,171,2.1.0,1101417,39527,exposure_stream_trial,,,,,,,,audio/melody11_Kalimba_loud.mp3,,7.0,2.0,,,,,
audio-keyboard-response,172,2.1.0,1106417,39527,exposure_stream_trial,,,,,,,,audio/melody02_Kalimba_loud.mp3,,8.0,2.0,,,,,
audio-keyboard-response,173,2.1.0,1111417,39527,exposure_stream_trial,,,,,,,,audio/melody15_Kalimba_loud.mp3,,11.0,2.0,,,,,
audio-keyboard-response,174,2.1.0,1116416,39527,exposure_stream_trial,,,,,,,,audio/melody07_Kalimba_loud.mp3,,6.0,2.0,,,,,
audio-keyboard-response,175,2.1.0,1121417,39527,exposure_stream_trial,,,,,,,,audio/melody11_Kalimba_loud.mp3,,7.0,2.0,,,,,
audio-keyboard-response,176,2.1.0,1126417,39527,exposure_stream_trial,,,,,,,,audio/melody14_Kalimba_loud.mp3,,4.0,2.0,,,,,
audio-keyboard-response,177,2.1.0,1131416,39527,exposure_stream_trial,,,,,,,,audio/melody09_Kalimba_loud.mp3,,5.0,2.0,,,,,
audio-keyboard-response,178,2.1.0,1136417,39527,exposure_stream_trial,,,,,,,,audio/melody02_Kalimba_loud.mp3,,8.0,2.0,,,,,
audio-keyboard-response,179,2.1.0,1141416,39527,exposure_stream_trial,,,,,,,,audio/melody04_Kalimba_loud.mp3,,9.0,2.0,,,,,
audio-keyboard-response,180,2.1.0,1146414,39527,exposure_stream_trial,,,,,,,,audio/melody13_Kalimba_loud.mp3,,2.0,2.0,,,,,
audio-keyboard-response,181,2.1.0,1151416,39527,exposure_stream_trial,,,,,,,,audio/melody10_Kalimba_loud.mp3,,3.0,2.0,,,,,
audio-keyboard-response,182,2.1.0,1156416,39527,exposure_stream_trial,,,,,,,,audio/melody19_Kalimba_loud.mp3,,0.0,2.0,,,,,
audio-keyboard-response,183,2.1.0,1161416,39527,exposure_stream_trial,,,,,,,,audio/melody08_Kalimba_loud.mp3,,1.0,2.0,,,,,
audio-keyboard-response,184,2.1.0,1166415,39527,exposure_stream_trial,,,,,,,,audio/melody05_Kalimba_loud.mp3,,10.0,2.0,,,,,
audio-keyboard-response,185,2.1.0,1171415,39527,exposure_stream_trial,,,,,,,,audio/melody15_Kalimba_loud.mp3,,11.0,2.0,,,,,
audio-keyboard-response,186,2.1.0,1176416,39527,exposure_stream_trial,,,,,,,,audio/melody05_Kalimba_loud.mp3,,10.0,2.0,,,,,
audio-keyboard-response,187,2.1.0,1181417,39527,exposure_stream_trial,,,,,,,,audio/melody04_Kalimba_loud.mp3,,9.0,2.0,,,,,
audio-keyboard-response,188,2.1.0,1186414,39527,exposure_stream_trial,,,,,,,,audio/melody14_Kalimba_loud.mp3,,4.0,2.0,,,,,
audio-keyboard-response,189,2.1.0,1191415,39527,exposure_stream_trial,,,,,,,,audio/melody09_Kalimba_loud.mp3,,5.0,2.0,,,,,
audio-keyboard-response,190,2.1.0,1196415,39527,exposure_stream_trial,,,,,,,,audio/melody13_Kalimba_loud.mp3,,2.0,2.0,,,,,
audio-keyboard-response,191,2.1.0,1201416,39527,exposure_stream_trial,,,,,,,,audio/melody10_Kalimba_loud.mp3,,3.0,2.0,,,,,
audio-keyboard-response,192,2.1.0,1206416,39527,exposure_stream_trial,,,,,,,,audio/melody05_Kalimba_loud.mp3,,10.0,2.0,,,,,
audio-keyboard-response,193,2.1.0,1211416,39527,exposure_stream_trial,,,,,,,,audio/melody15_Kalimba_loud.mp3,,11.0,2.0,,,,,
audio-keyboard-response,194,2.1.0,1216416,39527,exposure_stream_trial,,,,,,,,audio/melody13_Kalimba_loud.mp3,,2.0,2.0,,,,,
audio-keyboard-response,195,2.1.0,1221416,39527,exposure_stream_trial,,,,,,,,audio/melody10_Kalimba_loud.mp3,,3.0,2.0,,,,,
audio-keyboard-response,196,2.1.0,1226416,39527,exposure_stream_trial,,,,,,,,audio/melody05_Kalimba_loud.mp3,,10.0,2.0,,,,,
audio-keyboard-response,197,2.1.0,1231417,39527,exposure_stream_trial,,,,,,,,audio/melody04_Kalimba_loud.mp3,,9.0,2.0,,,,,
audio-keyboard-response,198,2.1.0,1236416,39527,exposure_stream_trial,,,,,,,,audio/melody19_Kalimba_loud.mp3,,0.0,2.0,,,,,
audio-keyboard-response,199,2.1.0,1241416,39527,exposure_stream_trial,,,,,,,,audio/melody08_Kalimba_loud.mp3,,1.0,2.0,,,,,
audio-keyboard-response,200,2.1.0,1246416,39527,exposure_stream_trial,,,,,,,,audio/melody14_Kalimba_loud.mp3,,4.0,2.0,,,,,
audio-keyboard-response,201,2.1.0,1251416,39527,exposure_stream_trial,,,,,,,,audio/melody11_Kalimba_loud.mp3,,7.0,2.0,,,,,
audio-keyboard-response,202,2.1.0,1256416,39527,exposure_stream_trial,,,,,,,,audio/melody02_Kalimba_loud.mp3,,8.0,2.0,,,,,
audio-keyboard-response,203,2.1.0,1261416,39527,exposure_stream_trial,,,,,,,,audio/melody04_Kalimba_loud.mp3,,9.0,2.0,,,,,
audio-keyboard-response,204,2.1.0,1266416,39527,exposure_stream_trial,,,,,,,,audio/melody07_Kalimba_loud.mp3,,6.0,2.0,,,,,
audio-keyboard-response,205,2.1.0,1271416,39527,exposure_stream_trial,,,,,,,,audio/melody09_Kalimba_loud.mp3,,5.0,2.0,,,,,
instructions,206,2.1.0,1275802,39527,test_instructions,,4379.0,"[{""page_index"":0,""viewing_time"":4379}]",,,,,,,,,,,,,
preload,207,2.1.0,1275806,39527,audio_preload,True,,,False,[],[],[],,,,,,,,,
audio-keyboard-response,208,2.1.0,1280806,39527,memory_trial_pair_1,,,,,,,,audio/melody14_Kalimba_loud.mp3,,4.0,3.0,75.0,False,rearranged,,
audio-keyboard-response,209,2.1.0,1285806,39527,memory_trial_pair_1,,,,,,,,audio/melody11_Kalimba_loud.mp3,,7.0,3.0,75.0,False,rearranged,,
audio-keyboard-response,210,2.1.0,1291316,39527,memory_trial_pair_2,,,,,,,,audio/melody14_Kalimba_loud.mp3,,4.0,3.0,75.0,False,intact,,
audio-slider-response,211,2.1.0,1318056,39527,memory_trial_pair_2,,26741.0,,,,,,audio/melody09_Kalimba_loud.mp3,48,5.0,3.0,75.0,False,intact,50.0,
audio-keyboard-response,212,2.1.0,1323556,39527,memory_trial_pair_1,,,,,,,,audio/melody13_Kalimba_loud.mp3,,2.0,3.0,100.0,True,intact,,
audio-keyboard-response,213,2.1.0,1328556,39527,memory_trial_pair_1,,,,,,,,audio/melody10_Kalimba_loud.mp3,,3.0,3.0,100.0,True,intact,,
audio-keyboard-response,214,2.1.0,1334066,39527,memory_trial_pair_2,,,,,,,,audio/melody13_Kalimba_loud.mp3,,2.0,3.0,100.0,True,rearranged,,
audio-slider-response,215,2.1.0,1476513,39527,memory_trial_pair_2,,142448.0,,,,,,audio/melody08_Kalimba_loud.mp3,48,1.0,3.0,100.0,True,rearranged,50.0,
audio-keyboard-response,216,2.1.0,1482462,39527,memory_trial_pair_1,,,,,,,,audio/melody07_Kalimba_loud.mp3,,6.0,3.0,75.0,False,rearranged,,
audio-keyboard-response,217,2.1.0,1487462,39527,memory_trial_pair_1,,,,,,,,audio/melody09_Kalimba_loud.mp3,,5.0,3.0,75.0,False,rearranged,,
audio-keyboard-response,218,2.1.0,1492962,39527,memory_trial_pair_2,,,,,,,,audio/melody07_Kalimba_loud.mp3,,6.0,3.0,75.0,False,intact,,
audio-slider-response,219,2.1.0,1501016,39527,memory_trial_pair_2,,8051.0,,,,,,audio/melody11_Kalimba_loud.mp3,47,7.0,3.0,75.0,False,intact,50.0,
audio-keyboard-response,220,2.1.0,1506512,39527,memory_trial_pair_1,,,,,,,,audio/melody19_Kalimba_loud.mp3,,0.0,3.0,100.0,False,rearranged,,
audio-keyboard-response,221,2.1.0,1511510,39527,memory_trial_pair_1,,,,,,,,audio/melody10_Kalimba_loud.mp3,,3.0,3.0,100.0,False,rearranged,,
audio-keyboard-response,222,2.1.0,1517022,39527,memory_trial_pair_2,,,,,,,,audio/melody19_Kalimba_loud.mp3,,0.0,3.0,100.0,False,intact,,
audio-slider-response,223,2.1.0,1540117,39527,memory_trial_pair_2,,23091.0,,,,,,audio/melody08_Kalimba_loud.mp3,45,1.0,3.0,100.0,False,intact,50.0,
audio-keyboard-response,224,2.1.0,1545621,39527,memory_trial_pair_1,,,,,,,,audio/melody02_Kalimba_loud.mp3,,8.0,3.0,50.0,False,rearranged,,
audio-keyboard-response,225,2.1.0,1550621,39527,memory_trial_pair_1,,,,,,,,audio/melody15_Kalimba_loud.mp3,,11.0,3.0,50.0,False,rearranged,,
audio-keyboard-response,226,2.1.0,1556131,39527,memory_trial_pair_2,,,,,,,,audio/melody02_Kalimba_loud.mp3,,8.0,3.0,50.0,False,intact,,
audio-slider-response,227,2.1.0,1589500,39527,memory_trial_pair_2,,33360.0,,,,,,audio/melody04_Kalimba_loud.mp3,48,9.0,3.0,50.0,False,intact,50.0,
audio-keyboard-response,228,2.1.0,1595011,39527,memory_trial_pair_1,,,,,,,,audio/melody05_Kalimba_loud.mp3,,10.0,3.0,50.0,True,intact,,
audio-keyboard-response,229,2.1.0,1600011,39527,memory_trial_pair_1,,,,,,,,audio/melody15_Kalimba_loud.mp3,,11.0,3.0,50.0,True,intact,,
audio-keyboard-response,230,2.1.0,1605512,39527,memory_trial_pair_2,,,,,,,,audio/melody05_Kalimba_loud.mp3,,10.0,3.0,50.0,True,rearranged,,
audio-slider-response,231,2.1.0,1635414,39527,memory_trial_pair_2,,29899.0,,,,,,audio/melody04_Kalimba_loud.mp3,31,9.0,3.0,50.0,True,rearranged,50.0,
html-keyboard-response,232,2.1.0,1645924,39527,intermediate_listening_test_slide,,,,,,,,"<p style=""font-size:1.5vw"">Thanks for listening and answering questions! You have completed this portion of the study. Now you will complete a preference rating task.</p>",,,,,,,,
html-keyboard-response,233,2.1.0,1647927,39527,intermediate_slide_preference,,,,,,,,"<p style=""font-size:4vw"">PREFERENCE TASK</p>",,,,,,,,
instructions,234,2.1.0,1657115,39527,preference_instructions,,9181.0,"[{""page_index"":0,""viewing_time"":9181}]",,,,,,,,,,,,,
preload,235,2.1.0,1657116,39527,audio_preload,True,,,False,[],[],[],,,,,,,,,
audio-slider-response,236,2.1.0,1683063,39527,preference_test_trial,,25491.0,,,,,,audio/melody03_Kalimba_loud.mp3,0,15.0,,,,,50.0,
audio-slider-response,237,2.1.0,1691851,39527,preference_test_trial,,8280.0,,,,,,audio/melody11_Kalimba_loud.mp3,0,7.0,,,,,50.0,
audio-slider-response,238,2.1.0,1703114,39527,preference_test_trial,,10749.0,,,,,,audio/melody06_Kalimba_loud.mp3,0,14.0,,,,,50.0,
audio-slider-response,239,2.1.0,1711655,39527,preference_test_trial,,8029.0,,,,,,audio/melody14_Kalimba_loud.mp3,0,4.0,,,,,50.0,
audio-slider-response,240,2.1.0,1718902,39527,preference_test_trial,,6731.0,,,,,,audio/melody01_Kalimba_loud.mp3,0,13.0,,,,,50.0,
audio-slider-response,241,2.1.0,1727043,39527,preference_test_trial,,7632.0,,,,,,audio/melody04_Kalimba_loud.mp3,0,9.0,,,,,50.0,
audio-slider-response,242,2.1.0,1737474,39527,preference_test_trial,,9931.0,,,,,,audio/melody09_Kalimba_loud.mp3,0,5.0,,,,,50.0,
audio-slider-response,243,2.1.0,1745202,39527,preference_test_trial,,7221.0,,,,,,audio/melody13_Kalimba_loud.mp3,0,2.0,,,,,50.0,
audio-slider-response,244,2.1.0,1756365,39527,preference_test_trial,,10651.0,,,,,,audio/melody19_Kalimba_loud.mp3,0,0.0,,,,,50.0,
audio-slider-response,245,2.1.0,1768046,39527,preference_test_trial,,11160.0,,,,,,audio/melody17_Kalimba_loud.mp3,0,12.0,,,,,50.0,
audio-slider-response,246,2.1.0,1775282,39527,preference_test_trial,,6731.0,,,,,,audio/melody07_Kalimba_loud.mp3,0,6.0,,,,,50.0,
audio-slider-response,247,2.1.0,1782756,39527,preference_test_trial,,6971.0,,,,,,audio/melody02_Kalimba_loud.mp3,0,8.0,,,,,50.0,
audio-slider-response,248,2.1.0,1790430,39527,preference_test_trial,,7171.0,,,,,,audio/melody05_Kalimba_loud.mp3,0,10.0,,,,,50.0,
audio-slider-response,249,2.1.0,1797277,39527,preference_test_trial,,6331.0,,,,,,audio/melody15_Kalimba_loud.mp3,0,11.0,,,,,50.0,
audio-slider-response,250,2.1.0,1807473,39527,preference_test_trial,,9691.0,,,,,,audio/melody10_Kalimba_loud.mp3,0,3.0,,,,,50.0,
audio-slider-response,251,2.1.0,1815123,39527,preference_test_trial,,7131.0,,,,,,audio/melody08_Kalimba_loud.mp3,100,1.0,,,,,50.0,
html-keyboard-response,252,2.1.0,1817637,39527,intermediate_slide_demoSurvey,,,,,,,,"<p style=""font-size:4vw"">DEMOGRAPHIC SURVEY</p>",,,,,,,,
instructions,253,2.1.0,1820884,39527,demo_instructions,,3239.0,"[{""page_index"":0,""viewing_time"":1910},{""page_index"":1,""viewing_time"":1329}]",,,,,,,,,,,,,
survey-text,254,2.1.0,1877149,39527,individual_diffs_text1,,56250.0,,,,,,,"{""DecisionStrategies"":""I put down what was stuck in my mind"",""singOrPlay"":""no"",""InstrumentType"":""N/A"",""surveyDevice"":""laptop"",""audioDevice"":""laptop"",""technicalIssues"":""no""}",,,,,,,
survey-multi-choice,255,2.1.0,1961774,39527,individual_diffs_multipleChoice,,84615.0,,,,,,,"{""musicalIdentity"":""No"",""musicalExperience"":""I do not sing or play an instrument"",""timesinceMusicalExperience"":""I do not sing or play an instrument"",""musicalImportance"":""Moderately important"",""motivation"":""Moderately motivated"",""audioSurveyExperience"":""0"",""normalHearing"":""Yes"",""earHealth1"":""No"",""earHealth2"":""No"",""earHealth3"":""No"",""hearingAid"":""No"",""hearingLoss"":""No"",""hearingAbility"":""Good""}",,,,,,,"[0,1,2,3,4,5,6,7,8,9,10,11,12]"
