trial_type,trial_index,plugin_version,time_elapsed,sona_id,phase,success,rt,view_history,timeout,failed_images,failed_audio,failed_video,stimulus,response,component_id,block,contingency,intact_first,pair_type,slider_start,question_order
pavlovia,0,,1171,39168,,,,,,,,,,,,,,,,,
fullscreen,1,2.1.0,4031,39168,fullscreen_agreement,True,1844.0,,,,,,,,,,,,,,
instructions,2,2.1.0,14207,39168,informed_consent,,10175.0,"[{""page_index"":0,""viewing_time"":1958},{""page_index"":1,""viewing_time"":2257},{""page_index"":2,""viewing_time"":893},{""page_index"":3,""viewing_time"":531},{""page_index"":4,""viewing_time"":492},{""page_index"":5,""viewing_time"":1325},{""page_index"":6,""viewing_time"":633},{""page_index"":7,""viewing_time"":892},{""page_index"":8,""viewing_time"":1194}]",,,,,,,,,,,,,
instructions,3,2.1.0,15930,39168,intro_instructions,,1722.0,"[{""page_index"":0,""viewing_time"":917},{""page_index"":1,""viewing_time"":804}]",,,,,,,,,,,,,
preload,4,2.1.0,16902,39168,audio_preload,True,,,False,[],[],[],,,,,,,,,
audio-button-response,5,2.1.0,23034,39168,volume_adjust,,5640.0,,,,,,"[""audio/melody21_Kalimba_loud.mp3""]",1,,,,,,,
html-keyboard-response,6,2.1.0,25050,39168,intermediate_slide_exposure,,,,,,,,"<p style=""font-size:4vw"">LISTENING TASK</p>",,,,,,,,
instructions,7,2.1.0,26286,39168,exposure_instructions,,1235.0,"[{""page_index"":0,""viewing_time"":1235}]",,,,,,,,,,,,,
audio-keyboard-response,8,2.1.0,31287,39168,exposure_stream_trial,,,,,,,,audio/melody15_Kalimba_loud.mp3,,10.0,0.0,,,,,
audio-keyboard-response,9,2.1.0,36285,39168,exposure_stream_trial,,,,,,,,audio/melody07_Kalimba_loud.mp3,,9.0,0.0,,,,,
audio-keyboard-response,10,2.1.0,41286,39168,exposure_stream_trial,,,,,,,,audio/melody04_Kalimba_loud.mp3,,6.0,0.0,,,,,
audio-keyboard-response,11,2.1.0,46286,39168,exposure_stream_trial,,,,,,,,audio/melody09_Kalimba_loud.mp3,,7.0,0.0,,,,,
audio-keyboard-response,12,2.1.0,51286,39168,exposure_stream_trial,,,,,,,,audio/melody01_Kalimba_loud.mp3,,4.0,0.0,,,,,
audio-keyboard-response,13,2.1.0,56285,39168,exposure_stream_trial,,,,,,,,audio/melody02_Kalimba_loud.mp3,,5.0,0.0,,,,,
audio-keyboard-response,14,2.1.0,61285,39168,exposure_stream_trial,,,,,,,,audio/melody11_Kalimba_loud.mp3,,2.0,0.0,,,,,
audio-keyboard-response,15,2.1.0,66286,39168,exposure_stream_trial,,,,,,,,audio/melody13_Kalimba_loud.mp3,,3.0,0.0,,,,,
audio-keyboard-response,16,2.1.0,71286,39168,exposure_stream_trial,,,,,,,,audio/melody11_Kalimba_loud.mp3,,2.0,0.0,,,,,
audio-keyboard-response,17,2.1.0,76284,39168,exposure_stream_trial,,,,,,,,audio/melody13_Kalimba_loud.mp3,,3.0,0.0,,,,,
audio-keyboard-response,18,2.1.0,81286,39168,exposure_stream_trial,,,,,,,,audio/melody11_Kalimba_loud.mp3,,2.0,0.0,,,,,
audio-keyboard-response,19,2.1.0,86285,39168,exposure_stream_trial,,,,,,,,audio/melody13_Kalimba_loud.mp3,,3.0,0.0,,,,,
audio-keyboard-response,20,2.1.0,91286,39168,exposure_stream_trial,,,,,,,,audio/melody04_Kalimba_loud.mp3,,6.0,0.0,,,,,
audio-keyboard-response,21,2.1.0,96285,39168,exposure_stream_trial,,,,,,,,audio/melody09_Kalimba_loud.mp3,,7.0,0.0,,,,,
audio-keyboard-response,22,2.1.0,101285,39168,exposure_stream_trial,,,,,,,,audio/melody19_Kalimba_loud.mp3,,8.0,0.0,,,,,
audio-keyboard-response,23,2.1.0,106285,39168,exposure_stream_trial,,,,,,,,audio/melody07_Kalimba_loud.mp3,,9.0,0.0,,,,,
audio-keyboard-response,24,2.1.0,111285,39168,exposure_stream_trial,,,,,,,,audio/melody03_Kalimba_loud.mp3,,0.0,0.0,,,,,
audio-keyboard-response,25,2.1.0,116286,39168,exposure_stream_trial,,,,,,,,audio/melody06_Kalimba_loud.mp3,,1.0,0.0,,,,,
audio-keyboard-response,26,2.1.0,121286,39168,exposure_stream_trial,,,,,,,,audio/melody11_Kalimba_loud.mp3,,2.0,0.0,,,,,
audio-keyboard-response,27,2.1.0,126286,39168,exposure_stream_trial,,,,,,,,audio/melody13_Kalimba_loud.mp3,,3.0,0.0,,,,,
audio-keyboard-response,28,2.1.0,131286,39168,exposure_stream_trial,,,,,,,,audio/melody03_Kalimba_loud.mp3,,0.0,0.0,,,,,
audio-keyboard-response,29,2.1.0,136286,39168,exposure_stream_trial,,,,,,,,audio/melody06_Kalimba_loud.mp3,,1.0,0.0,,,,,
audio-keyboard-response,30,2.1.0,141285,39168,exposure_stream_trial,,,,,,,,audio/melody04_Kalimba_loud.mp3,,6.0,0.0,,,,,
audio-keyboard-response,31,2.1.0,146285,39168,exposure_stream_trial,,,,,,,,audio/melody09_Kalimba_loud.mp3,,7.0,0.0,,,,,
audio-keyboard-response,32,2.1.0,151285,39168,exposure_stream_trial,,,,,,,,audio/melody19_Kalimba_loud.mp3,,8.0,0.0,,,,,
audio-keyboard-response,33,2.1.0,156285,39168,exposure_stream_trial,,,,,,,,audio/melody10_Kalimba_loud.mp3,,11.0,0.0,,,,,
audio-keyboard-response,34,2.1.0,161285,39168,exposure_stream_trial,,,,,,,,audio/melody15_Kalimba_loud.mp3,,10.0,0.0,,,,,
audio-keyboard-response,35,2.1.0,166286,39168,exposure_stream_trial,,,,,,,,audio/melody10_Kalimba_loud.mp3,,11.0,0.0,,,,,
audio-keyboard-response,36,2.1.0,171285,39168,exposure_stream_trial,,,,,,,,audio/melody15_Kalimba_loud.mp3,,10.0,0.0,,,,,
audio-keyboard-response,37,2.1.0,176284,39168,exposure_stream_trial,,,,,,,,audio/melody07_Kalimba_loud.mp3,,9.0,0.0,,,,,
audio-keyboard-response,38,2.1.0,181285,39168,exposure_stream_trial,,,,,,,,audio/melody01_Kalimba_loud.mp3,,4.0,0.0,,,,,
audio-keyboard-response,39,2.1.0,186284,39168,exposure_stream_trial,,,,,,,,audio/melody09_Kalimba_loud.mp3,,7.0,0.0,,,,,
audio-keyboard-response,40,2.1.0,191285,39168,exposure_stream_trial,,,,,,,,audio/melody15_Kalimba_loud.mp3,,10.0,0.0,,,,,
audio-keyboard-response,41,2.1.0,196284,39168,exposure_stream_trial,,,,,,,,audio/melody10_Kalimba_loud.mp3,,11.0,0.0,,,,,
audio-keyboard-response,42,2.1.0,201284,39168,exposure_stream_trial,,,,,,,,audio/melody01_Kalimba_loud.mp3,,4.0,0.0,,,,,
audio-keyboard-response,43,2.1.0,206284,39168,exposure_stream_trial,,,,,,,,audio/melody02_Kalimba_loud.mp3,,5.0,0.0,,,,,
audio-keyboard-response,44,2.1.0,211284,39168,exposure_stream_trial,,,,,,,,audio/melody19_Kalimba_loud.mp3,,8.0,0.0,,,,,
audio-keyboard-response,45,2.1.0,216285,39168,exposure_stream_trial,,,,,,,,audio/melody10_Kalimba_loud.mp3,,11.0,0.0,,,,,
audio-keyboard-response,46,2.1.0,221284,39168,exposure_stream_trial,,,,,,,,audio/melody04_Kalimba_loud.mp3,,6.0,0.0,,,,,
audio-keyboard-response,47,2.1.0,226284,39168,exposure_stream_trial,,,,,,,,audio/melody02_Kalimba_loud.mp3,,5.0,0.0,,,,,
audio-keyboard-response,48,2.1.0,231285,39168,exposure_stream_trial,,,,,,,,audio/melody01_Kalimba_loud.mp3,,4.0,0.0,,,,,
audio-keyboard-response,49,2.1.0,236285,39168,exposure_stream_trial,,,,,,,,audio/melody02_Kalimba_loud.mp3,,5.0,0.0,,,,,
audio-keyboard-response,50,2.1.0,241285,39168,exposure_stream_trial,,,,,,,,audio/melody03_Kalimba_loud.mp3,,0.0,0.0,,,,,
audio-keyboard-response,51,2.1.0,246284,39168,exposure_stream_trial,,,,,,,,audio/melody06_Kalimba_loud.mp3,,1.0,0.0,,,,,
audio-keyboard-response,52,2.1.0,251285,39168,exposure_stream_trial,,,,,,,,audio/melody19_Kalimba_loud.mp3,,8.0,0.0,,,,,
audio-keyboard-response,53,2.1.0,256285,39168,exposure_stream_trial,,,,,,,,audio/melody07_Kalimba_loud.mp3,,9.0,0.0,,,,,
audio-keyboard-response,54,2.1.0,261285,39168,exposure_stream_trial,,,,,,,,audio/melody03_Kalimba_loud.mp3,,0.0,0.0,,,,,
audio-keyboard-response,55,2.1.0,266285,39168,exposure_stream_trial,,,,,,,,audio/melody06_Kalimba_loud.mp3,,1.0,0.0,,,,,
instructions,56,2.1.0,279302,39168,test_instructions,,13016.0,"[{""page_index"":0,""viewing_time"":13016}]",,,,,,,,,,,,,
preload,57,2.1.0,279304,39168,audio_preload,True,,,False,[],[],[],,,,,,,,,
audio-keyboard-response,58,2.1.0,284305,39168,memory_trial_pair_1,,,,,,,,audio/melody15_Kalimba_loud.mp3,,10.0,1.0,50.0,False,rearranged,,
audio-keyboard-response,59,2.1.0,289304,39168,memory_trial_pair_1,,,,,,,,audio/melody07_Kalimba_loud.mp3,,9.0,1.0,50.0,False,rearranged,,
audio-keyboard-response,60,2.1.0,294804,39168,memory_trial_pair_2,,,,,,,,audio/melody15_Kalimba_loud.mp3,,10.0,1.0,50.0,False,intact,,
audio-slider-response,61,2.1.0,321907,39168,memory_trial_pair_2,,27099.0,,,,,,audio/melody10_Kalimba_loud.mp3,100,11.0,1.0,50.0,False,intact,50.0,
audio-keyboard-response,62,2.1.0,327404,39168,memory_trial_pair_1,,,,,,,,audio/melody19_Kalimba_loud.mp3,,8.0,1.0,50.0,True,intact,,
audio-keyboard-response,63,2.1.0,332405,39168,memory_trial_pair_1,,,,,,,,audio/melody07_Kalimba_loud.mp3,,9.0,1.0,50.0,True,intact,,
audio-keyboard-response,64,2.1.0,337905,39168,memory_trial_pair_2,,,,,,,,audio/melody19_Kalimba_loud.mp3,,8.0,1.0,50.0,True,rearranged,,
audio-slider-response,65,2.1.0,344832,39168,memory_trial_pair_2,,6920.0,,,,,,audio/melody10_Kalimba_loud.mp3,11,11.0,1.0,50.0,True,rearranged,50.0,
audio-keyboard-response,66,2.1.0,350335,39168,memory_trial_pair_1,,,,,,,,audio/melody03_Kalimba_loud.mp3,,0.0,1.0,100.0,True,intact,,
audio-keyboard-response,67,2.1.0,355335,39168,memory_trial_pair_1,,,,,,,,audio/melody06_Kalimba_loud.mp3,,1.0,1.0,100.0,True,intact,,
audio-keyboard-response,68,2.1.0,360845,39168,memory_trial_pair_2,,,,,,,,audio/melody03_Kalimba_loud.mp3,,0.0,1.0,100.0,True,rearranged,,
audio-slider-response,69,2.1.0,367693,39168,memory_trial_pair_2,,6840.0,,,,,,audio/melody13_Kalimba_loud.mp3,78,3.0,1.0,100.0,True,rearranged,50.0,
audio-keyboard-response,70,2.1.0,373194,39168,memory_trial_pair_1,,,,,,,,audio/melody11_Kalimba_loud.mp3,,2.0,1.0,100.0,False,rearranged,,
audio-keyboard-response,71,2.1.0,378195,39168,memory_trial_pair_1,,,,,,,,audio/melody06_Kalimba_loud.mp3,,1.0,1.0,100.0,False,rearranged,,
audio-keyboard-response,72,2.1.0,383705,39168,memory_trial_pair_2,,,,,,,,audio/melody11_Kalimba_loud.mp3,,2.0,1.0,100.0,False,intact,,
audio-slider-response,73,2.1.0,391532,39168,memory_trial_pair_2,,7821.0,,,,,,audio/melody13_Kalimba_loud.mp3,20,3.0,1.0,100.0,False,intact,50.0,
audio-keyboard-response,74,2.1.0,397024,39168,memory_trial_pair_1,,,,,,,,audio/melody04_Kalimba_loud.mp3,,6.0,1.0,75.0,True,intact,,
audio-keyboard-response,75,2.1.0,402024,39168,memory_trial_pair_1,,,,,,,,audio/melody09_Kalimba_loud.mp3,,7.0,1.0,75.0,True,intact,,
audio-keyboard-response,76,2.1.0,407525,39168,memory_trial_pair_2,,,,,,,,audio/melody04_Kalimba_loud.mp3,,6.0,1.0,75.0,True,rearranged,,
audio-slider-response,77,2.1.0,421383,39168,memory_trial_pair_2,,13851.0,,,,,,audio/melody02_Kalimba_loud.mp3,94,5.0,1.0,75.0,True,rearranged,50.0,
audio-keyboard-response,78,2.1.0,426885,39168,memory_trial_pair_1,,,,,,,,audio/melody01_Kalimba_loud.mp3,,4.0,1.0,75.0,True,intact,,
audio-keyboard-response,79,2.1.0,431885,39168,memory_trial_pair_1,,,,,,,,audio/melody02_Kalimba_loud.mp3,,5.0,1.0,75.0,True,intact,,
audio-keyboard-response,80,2.1.0,437384,39168,memory_trial_pair_2,,,,,,,,audio/melody01_Kalimba_loud.mp3,,4.0,1.0,75.0,True,rearranged,,
audio-slider-response,81,2.1.0,444821,39168,memory_trial_pair_2,,7432.0,,,,,,audio/melody09_Kalimba_loud.mp3,14,7.0,1.0,75.0,True,rearranged,50.0,
html-keyboard-response,82,2.1.0,453339,39168,intermediate_listening_test_slide,,,,,,,,"<p style=""font-size:1.5vw"">Thanks for listening and answering questions about what you have heard so far. You are about to hear more pairs and decide which you hear more often.</p>",,,,,,,,
audio-keyboard-response,83,2.1.0,458334,39168,exposure_stream_trial,,,,,,,,audio/melody04_Kalimba_loud.mp3,,6.0,1.0,,,,,
audio-keyboard-response,84,2.1.0,463334,39168,exposure_stream_trial,,,,,,,,audio/melody09_Kalimba_loud.mp3,,7.0,1.0,,,,,
audio-keyboard-response,85,2.1.0,468335,39168,exposure_stream_trial,,,,,,,,audio/melody01_Kalimba_loud.mp3,,4.0,1.0,,,,,
audio-keyboard-response,86,2.1.0,473334,39168,exposure_stream_trial,,,,,,,,audio/melody02_Kalimba_loud.mp3,,5.0,1.0,,,,,
audio-keyboard-response,87,2.1.0,478334,39168,exposure_stream_trial,,,,,,,,audio/melody19_Kalimba_loud.mp3,,8.0,1.0,,,,,
audio-keyboard-response,88,2.1.0,483334,39168,exposure_stream_trial,,,,,,,,audio/melody07_Kalimba_loud.mp3,,9.0,1.0,,,,,
audio-keyboard-response,89,2.1.0,488334,39168,exposure_stream_trial,,,,,,,,audio/melody03_Kalimba_loud.mp3,,0.0,1.0,,,,,
audio-keyboard-response,90,2.1.0,493333,39168,exposure_stream_trial,,,,,,,,audio/melody06_Kalimba_loud.mp3,,1.0,1.0,,,,,
audio-keyboard-response,91,2.1.0,498334,39168,exposure_stream_trial,,,,,,,,audio/melody01_Kalimba_loud.mp3,,4.0,1.0,,,,,
audio-keyboard-response,92,2.1.0,503334,39168,exposure_stream_trial,,,,,,,,audio/melody02_Kalimba_loud.mp3,,5.0,1.0,,,,,
audio-keyboard-response,93,2.1.0,508333,39168,exposure_stream_trial,,,,,,,,audio/melody11_Kalimba_loud.mp3,,2.0,1.0,,,,,
audio-keyboard-response,94,2.1.0,513335,39168,exposure_stream_trial,,,,,,,,audio/melody13_Kalimba_loud.mp3,,3.0,1.0,,,,,
audio-keyboard-response,95,2.1.0,518334,39168,exposure_stream_trial,,,,,,,,audio/melody19_Kalimba_loud.mp3,,8.0,1.0,,,,,
audio-keyboard-response,96,2.1.0,523334,39168,exposure_stream_trial,,,,,,,,audio/melody10_Kalimba_loud.mp3,,11.0,1.0,,,,,
audio-keyboard-response,97,2.1.0,528334,39168,exposure_stream_trial,,,,,,,,audio/melody15_Kalimba_loud.mp3,,10.0,1.0,,,,,
audio-keyboard-response,98,2.1.0,533334,39168,exposure_stream_trial,,,,,,,,audio/melody10_Kalimba_loud.mp3,,11.0,1.0,,,,,
audio-keyboard-response,99,2.1.0,538333,39168,exposure_stream_trial,,,,,,,,audio/melody01_Kalimba_loud.mp3,,4.0,1.0,,,,,
audio-keyboard-response,100,2.1.0,543334,39168,exposure_stream_trial,,,,,,,,audio/melody02_Kalimba_loud.mp3,,5.0,1.0,,,,,
audio-keyboard-response,101,2.1.0,548334,39168,exposure_stream_trial,,,,,,,,audio/melody15_Kalimba_loud.mp3,,10.0,1.0,,,,,
audio-keyboard-response,102,2.1.0,553334,39168,exposure_stream_trial,,,,,,,,audio/melody07_Kalimba_loud.mp3,,9.0,1.0,,,,,
audio-keyboard-response,103,2.1.0,558334,39168,exposure_stream_trial,,,,,,,,audio/melody11_Kalimba_loud.mp3,,2.0,1.0,,,,,
audio-keyboard-response,104,2.1.0,563334,39168,exposure_stream_trial,,,,,,,,audio/melody13_Kalimba_loud.mp3,,3.0,1.0,,,,,
audio-keyboard-response,105,2.1.0,568334,39168,exposure_stream_trial,,,,,,,,audio/melody11_Kalimba_loud.mp3,,2.0,1.0,,,,,
audio-keyboard-response,106,2.1.0,573334,39168,exposure_stream_trial,,,,,,,,audio/melody13_Kalimba_loud.mp3,,3.0,1.0,,,,,
audio-keyboard-response,107,2.1.0,578334,39168,exposure_stream_trial,,,,,,,,audio/melody15_Kalimba_loud.mp3,,10.0,1.0,,,,,
audio-keyboard-response,108,2.1.0,583334,39168,exposure_stream_trial,,,,,,,,audio/melody10_Kalimba_loud.mp3,,11.0,1.0,,,,,
audio-keyboard-response,109,2.1.0,588334,39168,exposure_stream_trial,,,,,,,,audio/melody04_Kalimba_loud.mp3,,6.0,1.0,,,,,
audio-keyboard-response,110,2.1.0,593334,39168,exposure_stream_trial,,,,,,,,audio/melody02_Kalimba_loud.mp3,,5.0,1.0,,,,,
audio-keyboard-response,111,2.1.0,598334,39168,exposure_stream_trial,,,,,,,,audio/melody04_Kalimba_loud.mp3,,6.0,1.0,,,,,
audio-keyboard-response,112,2.1.0,603335,39168,exposure_stream_trial,,,,,,,,audio/melody09_Kalimba_loud.mp3,,7.0,1.0,,,,,
audio-keyboard-response,113,2.1.0,608334,39168,exposure_stream_trial,,,,,,,,audio/melody01_Kalimba_loud.mp3,,4.0,1.0,,,,,
audio-keyboard-response,114,2.1.0,613334,39168,exposure_stream_trial,,,,,,,,audio/melody09_Kalimba_loud.mp3,,7.0,1.0,,,,,
audio-keyboard-response,115,2.1.0,618335,39168,exposure_stream_trial,,,,,,,,audio/melody19_Kalimba_loud.mp3,,8.0,1.0,,,,,
audio-keyboard-response,116,2.1.0,623334,39168,exposure_stream_trial,,,,,,,,audio/melody10_Kalimba_loud.mp3,,11.0,1.0,,,,,
audio-keyboard-response,117,2.1.0,628333,39168,exposure_stream_trial,,,,,,,,audio/melody04_Kalimba_loud.mp3,,6.0,1.0,,,,,
audio-keyboard-response,118,2.1.0,633334,39168,exposure_stream_trial,,,,,,,,audio/melody09_Kalimba_loud.mp3,,7.0,1.0,,,,,
audio-keyboard-response,119,2.1.0,638334,39168,exposure_stream_trial,,,,,,,,audio/melody19_Kalimba_loud.mp3,,8.0,1.0,,,,,
audio-keyboard-response,120,2.1.0,643334,39168,exposure_stream_trial,,,,,,,,audio/melody07_Kalimba_loud.mp3,,9.0,1.0,,,,,
audio-keyboard-response,121,2.1.0,648334,39168,exposure_stream_trial,,,,,,,,audio/melody03_Kalimba_loud.mp3,,0.0,1.0,,,,,
audio-keyboard-response,122,2.1.0,653334,39168,exposure_stream_trial,,,,,,,,audio/melody06_Kalimba_loud.mp3,,1.0,1.0,,,,,
audio-keyboard-response,123,2.1.0,658334,39168,exposure_stream_trial,,,,,,,,audio/melody03_Kalimba_loud.mp3,,0.0,1.0,,,,,
audio-keyboard-response,124,2.1.0,663334,39168,exposure_stream_trial,,,,,,,,audio/melody06_Kalimba_loud.mp3,,1.0,1.0,,,,,
audio-keyboard-response,125,2.1.0,668333,39168,exposure_stream_trial,,,,,,,,audio/melody03_Kalimba_loud.mp3,,0.0,1.0,,,,,
audio-keyboard-response,126,2.1.0,673334,39168,exposure_stream_trial,,,,,,,,audio/melody06_Kalimba_loud.mp3,,1.0,1.0,,,,,
audio-keyboard-response,127,2.1.0,678333,39168,exposure_stream_trial,,,,,,,,audio/melody15_Kalimba_loud.mp3,,10.0,1.0,,,,,
audio-keyboard-response,128,2.1.0,683333,39168,exposure_stream_trial,,,,,,,,audio/melody07_Kalimba_loud.mp3,,9.0,1.0,,,,,
audio-keyboard-response,129,2.1.0,688333,39168,exposure_stream_trial,,,,,,,,audio/melody11_Kalimba_loud.mp3,,2.0,1.0,,,,,
audio-keyboard-response,130,2.1.0,693334,39168,exposure_stream_trial,,,,,,,,audio/melody13_Kalimba_loud.mp3,,3.0,1.0,,,,,
instructions,131,2.1.0,699267,39168,test_instructions,,5932.0,"[{""page_index"":0,""viewing_time"":5931}]",,,,,,,,,,,,,
preload,132,2.1.0,699268,39168,audio_preload,True,,,False,[],[],[],,,,,,,,,
audio-keyboard-response,133,2.1.0,704263,39168,memory_trial_pair_1,,,,,,,,audio/melody11_Kalimba_loud.mp3,,2.0,2.0,100.0,True,intact,,
audio-keyboard-response,134,2.1.0,709264,39168,memory_trial_pair_1,,,,,,,,audio/melody13_Kalimba_loud.mp3,,3.0,2.0,100.0,True,intact,,
audio-keyboard-response,135,2.1.0,714774,39168,memory_trial_pair_2,,,,,,,,audio/melody11_Kalimba_loud.mp3,,2.0,2.0,100.0,True,rearranged,,
audio-slider-response,136,2.1.0,730817,39168,memory_trial_pair_2,,16040.0,,,,,,audio/melody06_Kalimba_loud.mp3,35,1.0,2.0,100.0,True,rearranged,50.0,
audio-keyboard-response,137,2.1.0,736313,39168,memory_trial_pair_1,,,,,,,,audio/melody15_Kalimba_loud.mp3,,10.0,2.0,50.0,True,intact,,
audio-keyboard-response,138,2.1.0,741313,39168,memory_trial_pair_1,,,,,,,,audio/melody10_Kalimba_loud.mp3,,11.0,2.0,50.0,True,intact,,
audio-keyboard-response,139,2.1.0,746823,39168,memory_trial_pair_2,,,,,,,,audio/melody15_Kalimba_loud.mp3,,10.0,2.0,50.0,True,rearranged,,
audio-slider-response,140,2.1.0,754129,39168,memory_trial_pair_2,,7301.0,,,,,,audio/melody07_Kalimba_loud.mp3,69,9.0,2.0,50.0,True,rearranged,50.0,
audio-keyboard-response,141,2.1.0,759623,39168,memory_trial_pair_1,,,,,,,,audio/melody19_Kalimba_loud.mp3,,8.0,2.0,50.0,False,rearranged,,
audio-keyboard-response,142,2.1.0,764623,39168,memory_trial_pair_1,,,,,,,,audio/melody10_Kalimba_loud.mp3,,11.0,2.0,50.0,False,rearranged,,
audio-keyboard-response,143,2.1.0,770123,39168,memory_trial_pair_2,,,,,,,,audio/melody19_Kalimba_loud.mp3,,8.0,2.0,50.0,False,intact,,
audio-slider-response,144,2.1.0,777383,39168,memory_trial_pair_2,,7251.0,,,,,,audio/melody07_Kalimba_loud.mp3,5,9.0,2.0,50.0,False,intact,50.0,
audio-keyboard-response,145,2.1.0,782883,39168,memory_trial_pair_1,,,,,,,,audio/melody03_Kalimba_loud.mp3,,0.0,2.0,100.0,True,intact,,
audio-keyboard-response,146,2.1.0,787883,39168,memory_trial_pair_1,,,,,,,,audio/melody06_Kalimba_loud.mp3,,1.0,2.0,100.0,True,intact,,
audio-keyboard-response,147,2.1.0,793393,39168,memory_trial_pair_2,,,,,,,,audio/melody03_Kalimba_loud.mp3,,0.0,2.0,100.0,True,rearranged,,
audio-slider-response,148,2.1.0,800724,39168,memory_trial_pair_2,,7331.0,,,,,,audio/melody13_Kalimba_loud.mp3,100,3.0,2.0,100.0,True,rearranged,50.0,
audio-keyboard-response,149,2.1.0,806243,39168,memory_trial_pair_1,,,,,,,,audio/melody04_Kalimba_loud.mp3,,6.0,2.0,75.0,False,rearranged,,
audio-keyboard-response,150,2.1.0,811243,39168,memory_trial_pair_1,,,,,,,,audio/melody02_Kalimba_loud.mp3,,5.0,2.0,75.0,False,rearranged,,
audio-keyboard-response,151,2.1.0,816753,39168,memory_trial_pair_2,,,,,,,,audio/melody04_Kalimba_loud.mp3,,6.0,2.0,75.0,False,intact,,
audio-slider-response,152,2.1.0,824495,39168,memory_trial_pair_2,,7741.0,,,,,,audio/melody09_Kalimba_loud.mp3,100,7.0,2.0,75.0,False,intact,50.0,
audio-keyboard-response,153,2.1.0,830003,39168,memory_trial_pair_1,,,,,,,,audio/melody01_Kalimba_loud.mp3,,4.0,2.0,75.0,True,intact,,
audio-keyboard-response,154,2.1.0,835004,39168,memory_trial_pair_1,,,,,,,,audio/melody02_Kalimba_loud.mp3,,5.0,2.0,75.0,True,intact,,
audio-keyboard-response,155,2.1.0,840513,39168,memory_trial_pair_2,,,,,,,,audio/melody01_Kalimba_loud.mp3,,4.0,2.0,75.0,True,rearranged,,
audio-slider-response,156,2.1.0,846977,39168,memory_trial_pair_2,,6461.0,,,,,,audio/melody09_Kalimba_loud.mp3,100,7.0,2.0,75.0,True,rearranged,50.0,
html-keyboard-response,157,2.1.0,855508,39168,intermediate_listening_test_slide,,,,,,,,"<p style=""font-size:1.5vw"">Thanks for listening and answering questions about what you have heard so far. You are about to hear more pairs and decide which you hear more often.</p>",,,,,,,,
audio-keyboard-response,158,2.1.0,860503,39168,exposure_stream_trial,,,,,,,,audio/melody19_Kalimba_loud.mp3,,8.0,2.0,,,,,
audio-keyboard-response,159,2.1.0,865503,39168,exposure_stream_trial,,,,,,,,audio/melody07_Kalimba_loud.mp3,,9.0,2.0,,,,,
audio-keyboard-response,160,2.1.0,870503,39168,exposure_stream_trial,,,,,,,,audio/melody11_Kalimba_loud.mp3,,2.0,2.0,,,,,
audio-keyboard-response,161,2.1.0,875503,39168,exposure_stream_trial,,,,,,,,audio/melody13_Kalimba_loud.mp3,,3.0,2.0,,,,,
audio-keyboard-response,162,2.1.0,880503,39168,exposure_stream_trial,,,,,,,,audio/melody11_Kalimba_loud.mp3,,2.0,2.0,,,,,
audio-keyboard-response,163,2.1.0,885503,39168,exposure_stream_trial,,,,,,,,audio/melody13_Kalimba_loud.mp3,,3.0,2.0,,,,,
audio-keyboard-response,164,2.1.0,890503,39168,exposure_stream_trial,,,,,,,,audio/melody19_Kalimba_loud.mp3,,8.0,2.0,,,,,
audio-keyboard-response,165,2.1.0,895503,39168,exposure_stream_trial,,,,,,,,audio/melody10_Kalimba_loud.mp3,,11.0,2.0,,,,,
audio-keyboard-response,166,2.1.0,900503,39168,exposure_stream_trial,,,,,,,,audio/melody19_Kalimba_loud.mp3,,8.0,2.0,,,,,
audio-keyboard-response,167,2.1.0,905503,39168,exposure_stream_trial,,,,,,,,audio/melody07_Kalimba_loud.mp3,,9.0,2.0,,,,,
audio-keyboard-response,168,2.1.0,910503,39168,exposure_stream_trial,,,,,,,,audio/melody04_Kalimba_loud.mp3,,6.0,2.0,,,,,
audio-keyboard-response,169,2.1.0,915502,39168,exposure_stream_trial,,,,,,,,audio/melody02_Kalimba_loud.mp3,,5.0,2.0,,,,,
audio-keyboard-response,170,2.1.0,920502,39168,exposure_stream_trial,,,,,,,,audio/melody11_Kalimba_loud.mp3,,2.0,2.0,,,,,
audio-keyboard-response,171,2.1.0,925502,39168,exposure_stream_trial,,,,,,,,audio/melody13_Kalimba_loud.mp3,,3.0,2.0,,,,,
audio-keyboard-response,172,2.1.0,930503,39168,exposure_stream_trial,,,,,,,,audio/melody19_Kalimba_loud.mp3,,8.0,2.0,,,,,
audio-keyboard-response,173,2.1.0,935503,39168,exposure_stream_trial,,,,,,,,audio/melody10_Kalimba_loud.mp3,,11.0,2.0,,,,,
audio-keyboard-response,174,2.1.0,940502,39168,exposure_stream_trial,,,,,,,,audio/melody15_Kalimba_loud.mp3,,10.0,2.0,,,,,
audio-keyboard-response,175,2.1.0,945502,39168,exposure_stream_trial,,,,,,,,audio/melody10_Kalimba_loud.mp3,,11.0,2.0,,,,,
audio-keyboard-response,176,2.1.0,950503,39168,exposure_stream_trial,,,,,,,,audio/melody03_Kalimba_loud.mp3,,0.0,2.0,,,,,
audio-keyboard-response,177,2.1.0,955503,39168,exposure_stream_trial,,,,,,,,audio/melody06_Kalimba_loud.mp3,,1.0,2.0,,,,,
audio-keyboard-response,178,2.1.0,960502,39168,exposure_stream_trial,,,,,,,,audio/melody04_Kalimba_loud.mp3,,6.0,2.0,,,,,
audio-keyboard-response,179,2.1.0,965502,39168,exposure_stream_trial,,,,,,,,audio/melody09_Kalimba_loud.mp3,,7.0,2.0,,,,,
audio-keyboard-response,180,2.1.0,970502,39168,exposure_stream_trial,,,,,,,,audio/melody03_Kalimba_loud.mp3,,0.0,2.0,,,,,
audio-keyboard-response,181,2.1.0,975502,39168,exposure_stream_trial,,,,,,,,audio/melody06_Kalimba_loud.mp3,,1.0,2.0,,,,,
audio-keyboard-response,182,2.1.0,980502,39168,exposure_stream_trial,,,,,,,,audio/melody15_Kalimba_loud.mp3,,10.0,2.0,,,,,
audio-keyboard-response,183,2.1.0,985502,39168,exposure_stream_trial,,,,,,,,audio/melody07_Kalimba_loud.mp3,,9.0,2.0,,,,,
audio-keyboard-response,184,2.1.0,990503,39168,exposure_stream_trial,,,,,,,,audio/melody15_Kalimba_loud.mp3,,10.0,2.0,,,,,
audio-keyboard-response,185,2.1.0,995502,39168,exposure_stream_trial,,,,,,,,audio/melody10_Kalimba_loud.mp3,,11.0,2.0,,,,,
audio-keyboard-response,186,2.1.0,1000502,39168,exposure_stream_trial,,,,,,,,audio/melody15_Kalimba_loud.mp3,,10.0,2.0,,,,,
audio-keyboard-response,187,2.1.0,1005502,39168,exposure_stream_trial,,,,,,,,audio/melody07_Kalimba_loud.mp3,,9.0,2.0,,,,,
audio-keyboard-response,188,2.1.0,1010503,39168,exposure_stream_trial,,,,,,,,audio/melody01_Kalimba_loud.mp3,,4.0,2.0,,,,,
audio-keyboard-response,189,2.1.0,1015503,39168,exposure_stream_trial,,,,,,,,audio/melody02_Kalimba_loud.mp3,,5.0,2.0,,,,,
audio-keyboard-response,190,2.1.0,1020502,39168,exposure_stream_trial,,,,,,,,audio/melody04_Kalimba_loud.mp3,,6.0,2.0,,,,,
audio-keyboard-response,191,2.1.0,1025503,39168,exposure_stream_trial,,,,,,,,audio/melody09_Kalimba_loud.mp3,,7.0,2.0,,,,,
audio-keyboard-response,192,2.1.0,1030503,39168,exposure_stream_trial,,,,,,,,audio/melody04_Kalimba_loud.mp3,,6.0,2.0,,,,,
audio-keyboard-response,193,2.1.0,1035503,39168,exposure_stream_trial,,,,,,,,audio/melody09_Kalimba_loud.mp3,,7.0,2.0,,,,,
audio-keyboard-response,194,2.1.0,1040502,39168,exposure_stream_trial,,,,,,,,audio/melody01_Kalimba_loud.mp3,,4.0,2.0,,,,,
audio-keyboard-response,195,2.1.0,1045503,39168,exposure_stream_trial,,,,,,,,audio/melody09_Kalimba_loud.mp3,,7.0,2.0,,,,,
audio-keyboard-response,196,2.1.0,1050502,39168,exposure_stream_trial,,,,,,,,audio/melody01_Kalimba_loud.mp3,,4.0,2.0,,,,,
audio-keyboard-response,197,2.1.0,1055502,39168,exposure_stream_trial,,,,,,,,audio/melody02_Kalimba_loud.mp3,,5.0,2.0,,,,,
audio-keyboard-response,198,2.1.0,1060503,39168,exposure_stream_trial,,,,,,,,audio/melody11_Kalimba_loud.mp3,,2.0,2.0,,,,,
audio-keyboard-response,199,2.1.0,1065503,39168,exposure_stream_trial,,,,,,,,audio/melody13_Kalimba_loud.mp3,,3.0,2.0,,,,,
audio-keyboard-response,200,2.1.0,1070502,39168,exposure_stream_trial,,,,,,,,audio/melody03_Kalimba_loud.mp3,,0.0,2.0,,,,,
audio-keyboard-response,201,2.1.0,1075502,39168,exposure_stream_trial,,,,,,,,audio/melody06_Kalimba_loud.mp3,,1.0,2.0,,,,,
audio-keyboard-response,202,2.1.0,1080502,39168,exposure_stream_trial,,,,,,,,audio/melody03_Kalimba_loud.mp3,,0.0,2.0,,,,,
audio-keyboard-response,203,2.1.0,1085502,39168,exposure_stream_trial,,,,,,,,audio/melody06_Kalimba_loud.mp3,,1.0,2.0,,,,,
audio-keyboard-response,204,2.1.0,1090502,39168,exposure_stream_trial,,,,,,,,audio/melody01_Kalimba_loud.mp3,,4.0,2.0,,,,,
audio-keyboard-response,205,2.1.0,1095502,39168,exposure_stream_trial,,,,,,,,audio/melody02_Kalimba_loud.mp3,,5.0,2.0,,,,,
instructions,206,2.1.0,1098229,39168,test_instructions,,2726.0,"[{""page_index"":0,""viewing_time"":2726}]",,,,,,,,,,,,,
preload,207,2.1.0,1098230,39168,audio_preload,True,,,False,[],[],[],,,,,,,,,
audio-keyboard-response,208,2.1.0,1103222,39168,memory_trial_pair_1,,,,,,,,audio/melody11_Kalimba_loud.mp3,,2.0,3.0,100.0,True,intact,,
audio-keyboard-response,209,2.1.0,1108221,39168,memory_trial_pair_1,,,,,,,,audio/melody13_Kalimba_loud.mp3,,3.0,3.0,100.0,True,intact,,
audio-keyboard-response,210,2.1.0,1113732,39168,memory_trial_pair_2,,,,,,,,audio/melody11_Kalimba_loud.mp3,,2.0,3.0,100.0,True,rearranged,,
audio-slider-response,211,2.1.0,1121911,39168,memory_trial_pair_2,,8168.0,,,,,,audio/melody06_Kalimba_loud.mp3,79,1.0,3.0,100.0,True,rearranged,50.0,
audio-keyboard-response,212,2.1.0,1127412,39168,memory_trial_pair_1,,,,,,,,audio/melody04_Kalimba_loud.mp3,,6.0,3.0,75.0,True,intact,,
audio-keyboard-response,213,2.1.0,1132412,39168,memory_trial_pair_1,,,,,,,,audio/melody09_Kalimba_loud.mp3,,7.0,3.0,75.0,True,intact,,
audio-keyboard-response,214,2.1.0,1137922,39168,memory_trial_pair_2,,,,,,,,audio/melody04_Kalimba_loud.mp3,,6.0,3.0,75.0,True,rearranged,,
audio-slider-response,215,2.1.0,1146849,39168,memory_trial_pair_2,,8920.0,,,,,,audio/melody02_Kalimba_loud.mp3,22,5.0,3.0,75.0,True,rearranged,50.0,
audio-keyboard-response,216,2.1.0,1152362,39168,memory_trial_pair_1,,,,,,,,audio/melody15_Kalimba_loud.mp3,,10.0,3.0,50.0,False,rearranged,,
audio-keyboard-response,217,2.1.0,1157362,39168,memory_trial_pair_1,,,,,,,,audio/melody07_Kalimba_loud.mp3,,9.0,3.0,50.0,False,rearranged,,
audio-keyboard-response,218,2.1.0,1162872,39168,memory_trial_pair_2,,,,,,,,audio/melody15_Kalimba_loud.mp3,,10.0,3.0,50.0,False,intact,,
audio-slider-response,219,2.1.0,1169592,39168,memory_trial_pair_2,,6720.0,,,,,,audio/melody10_Kalimba_loud.mp3,74,11.0,3.0,50.0,False,intact,50.0,
audio-keyboard-response,220,2.1.0,1175092,39168,memory_trial_pair_1,,,,,,,,audio/melody01_Kalimba_loud.mp3,,4.0,3.0,75.0,False,rearranged,,
audio-keyboard-response,221,2.1.0,1180092,39168,memory_trial_pair_1,,,,,,,,audio/melody09_Kalimba_loud.mp3,,7.0,3.0,75.0,False,rearranged,,
audio-keyboard-response,222,2.1.0,1185592,39168,memory_trial_pair_2,,,,,,,,audio/melody01_Kalimba_loud.mp3,,4.0,3.0,75.0,False,intact,,
audio-slider-response,223,2.1.0,1198098,39168,memory_trial_pair_2,,12501.0,,,,,,audio/melody02_Kalimba_loud.mp3,0,5.0,3.0,75.0,False,intact,50.0,
audio-keyboard-response,224,2.1.0,1203611,39168,memory_trial_pair_1,,,,,,,,audio/melody19_Kalimba_loud.mp3,,8.0,3.0,50.0,True,intact,,
audio-keyboard-response,225,2.1.0,1208611,39168,memory_trial_pair_1,,,,,,,,audio/melody07_Kalimba_loud.mp3,,9.0,3.0,50.0,True,intact,,
audio-keyboard-response,226,2.1.0,1214121,39168,memory_trial_pair_2,,,,,,,,audio/melody19_Kalimba_loud.mp3,,8.0,3.0,50.0,True,rearranged,,
audio-slider-response,227,2.1.0,1231005,39168,memory_trial_pair_2,,16880.0,,,,,,audio/melody10_Kalimba_loud.mp3,100,11.0,3.0,50.0,True,rearranged,50.0,
audio-keyboard-response,228,2.1.0,1236512,39168,memory_trial_pair_1,,,,,,,,audio/melody03_Kalimba_loud.mp3,,0.0,3.0,100.0,False,rearranged,,
audio-keyboard-response,229,2.1.0,1241511,39168,memory_trial_pair_1,,,,,,,,audio/melody13_Kalimba_loud.mp3,,3.0,3.0,100.0,False,rearranged,,
audio-keyboard-response,230,2.1.0,1247021,39168,memory_trial_pair_2,,,,,,,,audio/melody03_Kalimba_loud.mp3,,0.0,3.0,100.0,False,intact,,
audio-slider-response,231,2.1.0,1255673,39168,memory_trial_pair_2,,8651.0,,,,,,audio/melody06_Kalimba_loud.mp3,26,1.0,3.0,100.0,False,intact,50.0,
html-keyboard-response,232,2.1.0,1266190,39168,intermediate_listening_test_slide,,,,,,,,"<p style=""font-size:1.5vw"">Thanks for listening and answering questions! You have completed this portion of the study. Now you will complete a preference rating task.</p>",,,,,,,,
html-keyboard-response,233,2.1.0,1268196,39168,intermediate_slide_preference,,,,,,,,"<p style=""font-size:4vw"">PREFERENCE TASK</p>",,,,,,,,
instructions,234,2.1.0,1308711,39168,preference_instructions,,40514.0,"[{""page_index"":0,""viewing_time"":40514}]",,,,,,,,,,,,,
preload,235,2.1.0,1308711,39168,audio_preload,True,,,False,[],[],[],,,,,,,,,
audio-slider-response,236,2.1.0,1318432,39168,preference_test_trial,,9259.0,,,,,,audio/melody02_Kalimba_loud.mp3,69,5.0,,,,,50.0,
audio-slider-response,237,2.1.0,1326162,39168,preference_test_trial,,7229.0,,,,,,audio/melody07_Kalimba_loud.mp3,32,9.0,,,,,50.0,
audio-slider-response,238,2.1.0,1336606,39168,preference_test_trial,,9931.0,,,,,,audio/melody13_Kalimba_loud.mp3,75,3.0,,,,,50.0,
audio-slider-response,239,2.1.0,1345794,39168,preference_test_trial,,8688.0,,,,,,audio/melody05_Kalimba_loud.mp3,71,15.0,,,,,50.0,
audio-slider-response,240,2.1.0,1353921,39168,preference_test_trial,,7608.0,,,,,,audio/melody17_Kalimba_loud.mp3,24,13.0,,,,,50.0,
audio-slider-response,241,2.1.0,1361354,39168,preference_test_trial,,6920.0,,,,,,audio/melody01_Kalimba_loud.mp3,76,4.0,,,,,50.0,
audio-slider-response,242,2.1.0,1372645,39168,preference_test_trial,,10789.0,,,,,,audio/melody06_Kalimba_loud.mp3,32,1.0,,,,,50.0,
audio-slider-response,243,2.1.0,1411021,39168,preference_test_trial,,37872.0,,,,,,audio/melody03_Kalimba_loud.mp3,29,0.0,,,,,50.0,
audio-slider-response,244,2.1.0,1419493,39168,preference_test_trial,,7971.0,,,,,,audio/melody19_Kalimba_loud.mp3,62,8.0,,,,,50.0,
audio-slider-response,245,2.1.0,1426485,39168,preference_test_trial,,6480.0,,,,,,audio/melody14_Kalimba_loud.mp3,65,14.0,,,,,50.0,
audio-slider-response,246,2.1.0,1434090,39168,preference_test_trial,,7091.0,,,,,,audio/melody08_Kalimba_loud.mp3,58,12.0,,,,,50.0,
audio-slider-response,247,2.1.0,1440892,39168,preference_test_trial,,6301.0,,,,,,audio/melody04_Kalimba_loud.mp3,53,6.0,,,,,50.0,
audio-slider-response,248,2.1.0,1455030,39168,preference_test_trial,,13619.0,,,,,,audio/melody10_Kalimba_loud.mp3,100,11.0,,,,,50.0,
audio-slider-response,249,2.1.0,1467587,39168,preference_test_trial,,12048.0,,,,,,audio/melody09_Kalimba_loud.mp3,33,7.0,,,,,50.0,
audio-slider-response,250,2.1.0,1476952,39168,preference_test_trial,,8851.0,,,,,,audio/melody15_Kalimba_loud.mp3,100,10.0,,,,,50.0,
audio-slider-response,251,2.1.0,1485699,39168,preference_test_trial,,8240.0,,,,,,audio/melody11_Kalimba_loud.mp3,23,2.0,,,,,50.0,
html-keyboard-response,252,2.1.0,1488210,39168,intermediate_slide_demoSurvey,,,,,,,,"<p style=""font-size:4vw"">DEMOGRAPHIC SURVEY</p>",,,,,,,,
instructions,253,2.1.0,1492923,39168,demo_instructions,,4713.0,"[{""page_index"":0,""viewing_time"":3788},{""page_index"":1,""viewing_time"":925}]",,,,,,,,,,,,,
survey-text,254,2.1.0,1524551,39168,individual_diffs_text1,,31619.0,,,,,,,"{""DecisionStrategies"":""listen"",""singOrPlay"":""no"",""InstrumentType"":""na"",""surveyDevice"":""laptop"",""audioDevice"":""speaker"",""technicalIssues"":""didnt dhow up""}",,,,,,,
survey-multi-choice,255,2.1.0,1554878,39168,individual_diffs_multipleChoice,,30320.0,,,,,,,"{""musicalIdentity"":""No"",""musicalExperience"":""I do not sing or play an instrument"",""timesinceMusicalExperience"":""I do not sing or play an instrument"",""musicalImportance"":""Very important"",""motivation"":""Very motivated"",""audioSurveyExperience"":""5 or more"",""normalHearing"":""Yes"",""earHealth1"":""No"",""earHealth2"":""No"",""earHealth3"":""No"",""hearingAid"":""No"",""hearingLoss"":""No"",""hearingAbility"":""Excellent""}",,,,,,,"[0,1,2,3,4,5,6,7,8,9,10,11,12]"
